Complete List,
164717,142916
165580,143657
164696,142905
165582,143656
164699,142898
164724,142915
164711,142909
164695,142895
164658,142928
164693,142907
165411,143777
164808,142949
165617,143407
165057,143347
166032,144343
165505,143975
165292,143672
164802,142970
165636,143388
165033,143369
165371,143763
165290,143658
165319,143814
165361,143835
165658,143426
165533,144430
165630,143404
165391,143793
165289,143683
165473,143965
165048,143371
165296,143692
165481,143967
165267,143661
165359,143855
164803,142964
165486,143961
165294,143674
165023,143336
164771,142958
164715,142918
165577,143651
165587,143650
165476,143966
165270,143677
166059,144350
165031,143372
165616,143408
164704,142899
164723,142919
164668,142934
164705,142912
164700,142903
165568,143637
164726,142939
164698,142906
111848,71810
111850,71811
111884,72072
111864,71099
111853,71050
111834,71809
111857,71097
111862,71048
111859,71052
111854,71059
111865,71067
111839,71800
111860,71090
111863,71075
111846,71816
111835,71805
111874,71793
111861,71060
111885,72076
111844,71818
111886,72074
111867,71146
111856,71063
111855,71074
111883,72077
111873,71822
111871,71812
111852,71807
111840,71797
111866,71098
111870,71086
111843,71821
111876,72083
111882,72070
111851,71068
111869,71054
111875,72062
111858,71051
111837,71803
111838,71804
111842,71820
111868,71101
111878,72063
111872,71794
111887,72075
111879,72061
111841,71799
111888,72079
111836,71808
111877,72064
111889,72065
111847,71813
111880,72058
111881,72071
111895,72297
111896,72293
111897,72321
111892,72318
111891,72308
111894,72301
118207,90460
118186,90544
118165,90490
118160,90471
118176,90517
118139,90538
118174,90521
118150,90483
118164,90486
118146,90458
118194,90525
118197,90530
118157,90533
118183,90549
118191,90487
118193,90464
118202,90465
118161,90455
118190,90547
118173,90470
118138,90541
118195,90529
118162,90522
118179,90516
118142,90527
118149,90534
118210,90456
118200,90466
118147,90535
118137,90475
118199,90515
118143,90519
118166,90472
118204,90480
118154,90459
118198,90468
118192,90545
118182,90548
118212,90474
118159,90531
117586,84475
118177,90488
118188,90524
118213,90482
118163,90523
118170,90514
118135,90539
118187,90550
118155,90485
118185,90542
120111,94386
120116,94374
120102,94361
120130,94143
120108,94369
120103,94356
120138,94125
120144,94128
120112,94379
120147,94363
120118,94354
120148,94135
120117,74380
120139,94130
120129,94144
120127,94381
120134,94139
119345,94071
119349,94067
120027,94078
120105,94359
119352,94064
120122,94372
120038,94134
120115,94375
119350,94066
120110,94367
120142,94127
120135,94138
120133,94136
114793,78346
114603,78236
114794,78513
114668,78347
114662,78331
114983,78380
114227,78048
114633,78242
114655,78260
114652,78257
114647,78258
114783,78291
114801,78171
114980,78348
114646,78250
114632,78526
114606,78259
114675,78335
114790,78336
114663,78366
114225,78032
114636,78349
114658,78333
114649,78245
114785,78337
114969,78374
114626,78520
114967,78379
114677,78241
114784,78264
114651,78248
114661,78340
114681,78364
114224,78030
160946,CT104387
160896,CT104395
160905,CT104381
160882,CT104595
160888,CT104586
160332,CT104482
160893,CT104391
160908,CT104398
165078,CT103295
160911,CT104441
160907,CT104477
160885,CT104587
160873,CT104388
160944,CT104577
160883,CT104596
160940,CT104453
160802,CT104459
160931,CT104461
160892,CT104392
160910,CT104443
160887,CT104594
160323,CT104470
162499,CT113840
162499,CT113186
162451,CT113162
162500,CT113184
162687,CT113845
162638,CT113769
162671,CT113751
162385,CT113488
162501,CT113198
162497,CT113194
162704,CT113833
162980,CT113859
162449,CT113155
162700,CT113132
162459,CT113853
162609,CT113776
162458,CT113151
162405,CT113778
162455,CT113168
162460,CT113156
162317,CT113507
162551,CT113531
162702,CT113835
162536,CT113493
162315,CT113523
162312,CT113517
162410,CT113773
162526,CT113534
162528,CT113501
162398,CT113721
162804,CT113808
162494,CT113167
162811,CT113925
162561,CT113529
162363,CT113175
162381,CT113511
162409,CT113772
161183,105912
118451,91429
161184,105914
160536,105907
161180,105911
161179,105918
124654,96989
125067,109200
113440,76145
113874,77591
113875,77464
124645,96965
124653,96969
101817,3496010
118453,91427
124655,96968
163386,121695
163384,121693
124646,96966
113872,77469
118448,91421
161181,105913
161172,105917
163377,121694
162775,113905
106935,4635031
163383,CT121696
163382,CT121699
161173,CT105916
118442,CT91428
118450,CT91426
118447,CT91422
118454,CT91424
118449,CT91420
163378,CT121700
161182,CT105915
163385,CT121692
168455,CT91430
160533,CT105910
161173,CT76139
113441,CT76134
3496013,NO CT
163379,CT121698
163380,CT121697
4635009,CT106991
111166,CT68781
111109,CT68811
111115,CT68731
111134,CT (-)
110280,CT167110
111114,CT68810
110466,CT67403
110892,CT68296
110299,CT66997
110305,CT67113
110357,CT67323
110379,CT67137
110274,CT67105
110256,CT66987
111213,CT69003
111091,CT68725
110882,CT68110
111165,CT68782
111120,CT68817
111135,CT(-)
111167,CT68760
111480,CT68526
111597,CT69457
110908,CT68307
111172,CT68771
111012,CT68375
111133,CT68749
110271,CT67098
110461,CT67458
110446,CT67476
110244,CT66969
110080,CT67044
110386,CT67513
110464,CT67331
111003,CT68359
111136,CT68742
110861,CT68135
111132,CT68807
111111,CT68790
110956,CT68143
110149,CT66699
111738,CT69619
110905,CT68297
111532,CT69445
111691,CT69645
111103,CT(-)
110388,CT67462
110399,CT67344
110430,CT67447
110402,CT67500
110205,CT66942
110452,CT67349
110448,CT67402
111005,CT68348
111071,CT68736
111098,CT68798
111171,CT68768
110976,CT68366
110972,CT68293
111184,CT68582
110110,CT66688
111000,CT68344
110146,CT66673
111236,CT68597
110445,CT67423
110400,CT67345
110133,CT66999
110440,CT67457
110372,CT67138
110312,CT67095
110352,CT67427
110376,CT67125
110338,CT67037
110414,CT67432
110363,CT67337
110088,CT67004
165469,CT-143971
165374,CT-143799
165376,CT-143771
165410,CT-143780
166112,CT-143901
165291,CT-143660
165330,CT-143842
165475,CT-144006
165020,CT-143346
165504,CT-143985
165395,CT-143805
165309,CT-143702
165427,CT-143733
165495,CT-143993
165477,CT-143968
164798,CT-142963
165272,CT-143664
165478,CT-144007
165063,CT-143339
165483,CT-143962
165443,CT-143716
165352,CT-143846
166084,CT-143883
165393,CT-143789
165336,CT-143818
165501,CT-144002
164799,CT-142966
165364,CT-143851
164667,CT-142936
165390,CT-143788
110024,CT66548
110415,CT67503
110269,CT67003
110131,CT66978
110268,CT67081
110314,CT67124
110226,CT67020
110377,CT67136
110240,CT66974
110339,CT67119
110350,CT67006
110383,CT67471
110241,CT66971
110428,CT67406
110023,CT66537
110421,CT67449
110230,CT66973
111130,CT68741
111240,CT68664
110153,CT66544
111072,CT68793
110130,CT66949
111650,CT69471
111096,CT68799
110981,CT68388
111124,CT68800
111377,CT68490
111293,CT68603
111400,CT68548
111164,CT68752
110059,CT66638
111106,CT68785
111452,CT68542
110978,CT68376
111286,CT68671
110979,CT68354
111279,CT68642
111696,CT69651
111170,CT68767
110869,CT68138
111441,CT68514
110903,CT68302
111581,CT69422
110902,CT68322
110910,CT68314
110969,CT68292
110914,CT68102
111462,CTCT68557
110899,CT68325
110907,CT68305
111067,
111481,CT68524
111102,CT68794
110854,CT68111
110862,CT68108
110896,CT68291
110890,CT68331
111115,CT68797
111173,CT68742
111138,CT68778
111145,
110317,CT67038
110897,CT68324
163009,CT114355
163001,CT114368
163007,CT114361
162973,CT114251
163002,CT114367
162740,CT114000
162906,CT114448
162975,CT114261
163086,CT115687
162760,CT114013
163000,CT114370
162980,CT114272
162966,CT114260
162941,CT114468
162991,CT114358
163098,CT115609
163008,CT114376
163004,CT114371
162978,CT114267
162990,CT114369
162999,CT114377
162741,CT113983
163167,CT115755
162761,CT114018
163083,CT115611
163096,CT115688
162729,CT113978
162989,CT114271
162977,CT114257
162742,CT114009
163126,CT115695
163080,CT115621
162993,CT114356
163078,CT115633
162985,CT114263
162971,CT114250
163014,CT114255
163103,CT115689
163034,CT115557
162735,CT114001
163067,CT115623
163131,CT115692
163141,CT115705
163125,CT115703
163055,CT115629
163074,CT115698
162997,CT114364
163099,CT115690
162904,CT114470
163085,CT115681
162982,CT114256
163062,CT115631
162908,CT114446
162737,CT113980
163129,CT115700
163058,CT115615
162984, CT114259
162734,CT114002
162981,CT114262
162733,CT114003
163013,CT114357
110877,CT68145
110867,CT68120
110952,CT68116
110850,CT68136
110859,CT68139
162798,CT113903
162813,CT113918
162625,CT113735
162690,CT113866
162623,CT113737
162424,CT113856
162790,CT113900
162359,CT113179
162809,CT113856
162673,CT113900
162637,CT113179
169792,CT113922
162707,CT113868
162672,CT112750
162404,CT113777
162498,CT113187
162722,CT113842
162636,CT113767
162684,CT113858
162463,CT113158
162403,CT113714
162685,CT113857
162611,CT113774
162691,CT113861
162450,CT113852
162693,CT113862
162504,CT113191
162681,CT113860
162808,CT113908
162420,CT113851
162505,CT113190
162791,CT113887
168050,CT163435
168048,CT163437
168043,CT163433
168049,CT163423
168054,CT163417
168040,CT163429
168041,CT163432
168030,CT163427
168039,CT163414
168037,CT163415
168053,CT163418
168044,CT163434
168035,CT163420
168029,CT163426
168031,CT163428
168038,CT163425
168042,CT163431
168047,CT163436
168062,CT163419
168043,CT163422
168051,CT163430
168036,CT163416
168033,CT163421
162627,CT113733
162530,CT113540
162502,CT113177
162378,CT113525
162323,CT113522
162374,CT113502
162376,CT113499
162383,CT113490
162627,CT113496
162321,CT113514
162539,CT113516
162373,CT113498
162648,CT113532
162549,CT113530
162322,CT113520
162532,CT113506
162377,CT113524
162810,CT113924
162537,CT113492
162319,CT113512
162640,CT113513
162525,CT113526
162372,CT113500
162533,CT113508
162371,CT113497
162320,CT113581
162538,CT113510
162375,CT113503
162531,CT113505
162379,CT113537
162316,CT113515
162560,CT113527
162314,CT113521
162313,CT113519
162535,CT113509
162550,CT113591
162380,CT113535
162534,CT113494
162492,CT113192
162381,CT113536
162559,CT113528
162629,CT113495
162540,CT113513
161306,CT-107580
161284,CT-107518
161358,CT-107538
161386,CT-107545
161331,CT-107527
161327,CT-107540
116931,CT81840
116933,CT81838
116934,CT81842
116935,CT81836
116939,CT81841
116936,CT81843
116938,CT81845
116932,CT81835
116937,CT81839
161247,CT106735
161242,CT109738
161241,CT109741
161243,CT106737
161238,CT109739
161245,CT109733
161244,CT106736
161239,CT106732
161246,CT106734
119004,CT93637
119069,CT93738
118936,CT93620
118995,CT93803
119012,CT93761
118998,CT93620
118999,CT93767
118939,CT93615
119076,CT93674
160024,CT99191
118940,CT93618
119072,CT93666
119002,CT93636
119016,CT93608
160026,CT99784
119019,CT93632
119996,CT93665
160028,CT99088
160038,CT99795
119006,CT93640
160037,CT99716
119008,CT93770
119067,CT93669
119010,CT93807
119035,CT93711
160032,CT99787
160041,CT99799
118937,CT93622
119014,CT93843
119021,CT93808
118942,CT93616
119013,CT93736
119003,CT93775
119068,CT93612
119005,CT93638
160042,CT99797
160021,CT99766
160033,CT99793
160023,CT99190
118938,N/A
160031,CT99789
119009,CT93641
119000,CT93629
119017,CT93625
118997,CT93766
119001,CT93759
118935,CT93602
160022,CT99189
119020,CT93810
160034,CT99794
160040,CT99800
160036,CT99792
160030,CT99790
160027,CT99786
118993,CT93804
118941,CT93617
118934,CT93603
119066,CT93739
118994,CT93802
119011,CT93769
116001,CT79836
111122,CT68816
110888,CT68126
111074,CT68791
110857,CT68104
110865,CT68103
116320,CT80110
111153,CT68761
111161,CT68756
119860,CT68142
111139,CT68818
111090,CT68728
114226,CT78047
110915,CT68144
110873,CT68122
114601,CT78175
111107,CT68795
111086,CT68803
114690,CT78386
111141,CT68777
110949,CT68107
111300,CT68775
110884,
116304,CT79848
116292,
116283,CT79915
110951,
114798,CT78290
111110,
110875,CT68128
110291,(CT)67062
110510,(CT)67596
110582,(CT)67336
110441,(CT)67467
110359,(CT)67461
110707,(CT)67944
110368,(CT)67046
110450,(CT)67523
110706,(CT)67938
110579,(CT)67820
110552,
110595,(CT)67767
110232,(CT)66946
110596,(CT)67773
110322,(CT)67147
110696,(CT)67264
110756,(CT)67929
110598,(CT)67782
110198,(CT)66964
110299,(CT)67106
110374,(CT)67126
110551,(CT)67651
110353,(CT)67156
110329,(CT)67064
110387,(CT)67505
110655,(CT)67740
110502,(CT)67560
110208,(CT)66941
116352,(CT)80166
110748,(CT)67872
110680,(CT)67882
110625,(CT)67725
116436,(CT)79917
112847,(CT)73525
110406,(CT)67643
110675,(CT)67892
115991,CT79760
115994,CT79564
113658,CT78896
115923,CT79584
115797,CT79722
115942,CT79758
115815,CT79717
115913,CT79571
115808,CT79711
115817,CT79572
115798,CT79569
115982,CT79771
115825,CT79559
116534,CT80382
115983,CT79769
115987,
115986,CT79575
115806,CT79570
115922,CT79775
115993,CT79545
115804,CT79708
115945,CT79767
115783,CT79551
115864,CT79741
116000,
115990,CT79579
113642,CT79028
113678,CT78918
113629,CT79015
113634,CT78897
114905,CT78923
113645,CT78936
114178,CT78914
113631,CT79048
113622,CT78939
113675,CT78950
113680,CT78913
113685,CT78921
114908,CT79024
115855,CT79413
HPNCR3J,
6QNCR3J,
CPNCR3J,
JQNCR3J,
B58DR3J,
116280,79920
166777,144515
166810,144193
166747,144045
166863,144013
167386,144111
165999,144436
166760,#
166911,144217
166699,143946
166927,144273
166942,144236
166909,144222
166673,143922
167357,144086
166670,143919
166888,144198
166732,144012
166736,144090
166901,144205
166898,144197
166002,144471
166967,144117
166672,143935
167360,144095
166886,144216
165992,144443
166855,144039
167373,144112
166893,144212
166708,143924
161882,
112425,
161853,
161851,
161869,
161845,
161867,
161877,
161875,
161849,
161874,
161858,
161848,
110710,CT67934
110731,CT67927
110546,CT67553
110499,CT67559
110614,CT67750
110481,CT…..
110691,CT67866
110676,CT67917
110581,CT67830
638DR3J,
7J6DR3J,
6F6DR3J,
116280,79920
117013,CT67942
110190,CT66938
110323,CT67067
110501,CT11038
110378,CT67132
110276,CT67069
110765,CT67878
110133,CT66972
110206,CT66945
110622,CT67816
110517,CT67528
110236,CT66959
110514,CT67540
110507,CT67626
110225,CT67009
110609,CT67734
110582,CT67839
110621,CT67727
110261,CT67002
110321,CT67041
110243,CT66981
110578,CT67834
110284,CT67068
110733,CT67963
110460,CT67507
110773,CT67921
110123,CT66985
110476,CT67662
110663,CT67814
110132,CT66954
110536,CT67611
110367,CT67112
110255,CT67023
110075,CT67034
110627,CT67844
110541,CT67579
110484,CT67577
110351,CT67421
110358,CT67340
110525,CT67527
110474,CT67556
110629,CT67748
110253,CT67014
110319,CT67141